,ID,gender,Names
0,6,F,Alex
1,655,F,Andrea
3,1442,F,Avery
6,1968,F,Darcy
8,4136,F,Jo
9,4210,F,Jori
10,5917,F,Kim
12,6419,F,Morgan
13,6565,F,Sloan
16,8499,F,Taylor
17,9449,F,Yuki
18,9936,F,Aaliyah
19,9998,F,Abby
20,10111,F,Abigail
22,10862,F,Addison
23,12608,F,Adriana
24,13347,F,Agnes
25,13750,F,Aimee
27,15083,F,Alba
32,17058,F,Alexa
33,19041,F,Alisa
36,19752,F,Aliza
39,21286,F,Amalia
40,21987,F,Amanda
44,25144,F,Amanda
45,25635,F,Amelia
46,25747,F,Amy
48,27338,F,Ana Maria
50,28802,F,Anna
55,30460,F,Ana
58,31106,F,Angelica
59,31771,F,Ania
60,31921,F,Anjali
61,32246,F,Anju
62,32558,F,Anna
63,33484,F,Annika
65,34184,F,Anowar
67,35602,F,Anya
69,36455,F,Aoi
70,37082,F,Aparna
71,37120,F,Astrid
72,37858,F,Audrey
74,38174,F,Aurelie
83,40934,F,Ava
86,42843,F,Barbara
87,42896,F,Beatriz
88,43907,F,Becca
89,44373,F,Becka
92,45473,F,Beth
97,48466,F,Betsey
98,48986,F,Brandy
99,49671,F,Celine
100,50310,F,Cherise
102,50645,F,Chloe
103,51070,F,Christina
104,52459,F,Clara
105,54361,F,Claudia
107,55378,F,Cleo
112,56654,F,Courtney
113,56709,F,Dama
114,56737,F,Danielle
117,57660,F,Debbie
118,57668,F,Deirdre
119,59638,F,Diane
120,59641,F,Diya
121,61113,F,Dorothy
122,62062,F,Ecaterina
124,63289,F,Eleni
132,70802,F,Eliana
134,72477,F,Elisa
135,72591,F,Eliza
137,73097,F,Elizabeth
138,73886,F,Emily
139,74799,F,Emma
140,74864,F,Eniola
145,77125,F,Erika
146,77252,F,Erin
148,78163,F,Esenia
154,80223,F,Evana
155,80430,F,Farida
158,81232,F,Fiona
160,81348,F,Fran
163,82867,F,Friederike
164,83905,F,Fumiko
165,84923,F,Furaha 
166,85066,F,Gabriela
167,85319,F,Genet
168,86587,F,Ginny
169,86597,F,Glaucia
171,87234,F,Grace
174,87900,F,Hannah
177,90596,F,Hayami
179,90853,F,Heather
180,90977,F,Heidi
183,93614,F,Hester
185,95369,F,Hilda
186,95373,F,Hildy
188,97984,F,Iliana 
189,98148,F,Ilona
194,162,F,Iman
195,635,F,Imani
196,1013,F,Imelda
197,1596,F,Indu
198,1884,F,Ingrid
200,2852,F,Irene
205,5814,F,Isabel
207,6611,F,Isabella
208,6959,F,Jada
210,7577,F,Jasmin
211,9281,F,Jeanine
214,10239,F,Jennifer
215,10538,F,Jennifer
217,10822,F,Jenny
218,10977,F,Jess
219,11439,F,Jessica
220,11987,F,Jessie
222,12999,F,Jill
226,16131,F,Jillian
227,16141,F,Joanne
228,16346,F,Julia
231,17462,F,Kaja
232,18082,F,Kasia
233,18161,F,Kate
235,19375,F,Katherine
236,20069,F,Kathy
238,20173,F,Kiara
239,20562,F,Lara
241,21573,F,Laura
242,24225,F,Lauren
243,25773,F,Lena
244,26225,F,Leslie
247,26875,F,Linda
248,27734,F,Lorelei
249,27909,F,Lori
250,28400,F,Lucy
251,28725,F,Luna
253,29283,F,Madeline
254,29518,F,Madison
255,30151,F,Margaret
256,30765,F,Margarita
258,32590,F,Maria
260,33954,F,Maria Paula
261,34020,F,Marla
262,34447,F,Mary
263,35402,F,Masoka
264,35705,F,Maureen
268,37403,F,May Lee
269,37749,F,Mayra
271,39059,F,Mei
273,39389,F,Melanie
274,39940,F,Mia
276,40974,F,Mia
277,41230,F,Mikki
278,41254,F,Milena
282,42076,F,Militza
291,45716,F,Mina
292,46117,F,Mitali
293,46701,F,Miyu
295,48050,F,Momo
296,48230,F,Mona
298,48921,F,Moneta
302,49752,F,Monique
303,50447,F,Monica
304,51166,F,Muna
308,52918,F,Muneera
309,53085,F,Naia
311,53983,F,Natalia
312,54475,F,Natalie
313,55456,F,Ngiste
314,56175,F,Nia
315,57240,F,Nicole
316,57762,F,Njaimeh
318,58217,F,Noelle
319,58409,F,Noemi
320,58853,F,Noor 
322,58942,F,Nora
323,59060,F,Nyantugane
324,59169,F,Oksana
326,60594,F,Olga
327,60681,F,Olivia
328,61559,F,Pam
329,62128,F,Pamela
330,62231,F,Parvati
331,63113,F,Paula
333,63656,F,Pearl
335,64782,F,Peggy
337,65461,F,Petra
340,67015,F,Priya
342,68903,F,Rachel
344,69356,F,Ramatoulaye 
347,70572,F,Rebecca
349,71219,F,Reina
350,72182,F,Renee
351,72320,F,Rosa
352,73457,F,Rosie
353,74036,F,Roxana
356,76351,F,Sadie
358,76840,F,Saki
359,76862,F,Salima
360,76929,F,Samantha
361,77612,F,Saoirse
366,79093,F,Sarah
367,79324,F,Savannah
368,80219,F,Severine
369,80601,F,Shannon
372,81765,F,Shira
373,82123,F,Shirley
376,83732,F,Shoshana
377,83804,F,Sifuni
379,84815,F,Stefania
380,85100,F,Susie
381,85195,F,Tamar
383,86161,F,Tara
384,86869,F,Theresa
385,87103,F,Tina
387,87854,F,Veronica
389,89615,F,Vidya
390,89771,F,Wajd
392,90259,F,Wanda
394,90689,F,Wika
395,90698,F,Willa
397,91296,F,Willa
398,91878,F,Winifred
400,92620,F,Xiomara
401,92685,F,Zoe
402,92881,F,Yeine
405,92948,F,Karen 
406,93089,F,Yuna
407,93686,F,Zahida
408,96442,F,Zia
409,96818,F,Zoa
413,98362,F,Zofia
414,98421,F,Zoila
2,1192,M,Ari
4,1684,M,Cameron
5,1881,M,Chandler
7,2339,M,Duo
11,6226,M,Resa
14,6733,M,Sam
15,8464,M,Ayman
21,10172,M,Abhi
26,15043,M,Adeeb
28,15488,M,Adrian
29,16644,M,Ahmed
30,16791,M,Aiden
31,16823,M,Ajay
34,19320,M,Alexander
35,19518,M,Alexei
37,20764,M,Alistair
38,21284,M,Amir
41,22437,M,Amit
42,23434,M,Andrew
43,24911,M,Andy
47,26206,M,Angel
49,27671,M,Aniket
51,29212,M,Anthony
52,29334,M,Antonio
53,29462,M,Antonio
54,29874,M,Antony
56,30513,M,Arif
57,30679,M,Arthur
64,34049,M,Aziz
66,35566,M,Baratunde
68,35663,M,Ben
73,38164,M,Benjamin
75,38180,M,Bertie
76,38200,M,Bilal
77,38429,M,Billy
78,38519,M,Bobby
79,39610,M,Brian
80,39674,M,Buhika
81,40625,M,Caleb
82,40795,M,Calvin
84,40992,M,Carl
85,42306,M,Carlos
90,45200,M,Carlos
91,45425,M,Carter
93,45597,M,Casimir
94,45988,M,Cesar
95,46956,M,Charles
96,48380,M,Charlie
101,50320,M,Chris
106,55085,M,Christopher
108,55879,M,Clayton
109,55941,M,Colin
110,56189,M,Colum
111,56612,M,Connor 
115,56879,M,Daniel
116,57412,M,Darius
123,62898,M,Dave
125,63636,M,David
126,64121,M,Dean
127,65928,M,DeRay
128,66092,M,Didier
129,66343,M,Diego
130,67399,M,Djuma
131,70518,M,Domingo
133,72318,M,Dominique
136,72607,M,Donovan
141,75419,M,Dottore
142,76210,M,Duke
143,76555,M,Dushan
144,77076,M,Eduardo
147,77886,M,Elijah
149,78188,M,Elliot
150,78642,M,Eric
151,78688,M,Errol
152,79255,M,Ethan
153,79801,M,Evgenii
156,81137,M,Eytan
157,81179,M,Fabio
159,81255,M,Farrell
161,81569,M,Faustin
162,82537,M,Fernando
170,86657,M,Florian
172,87461,M,Francisco
173,87480,M,Franciszek
175,87902,M,Franklin
176,88908,M,Fred
178,90608,M,Gabor
181,91270,M,Gabriel
182,91410,M,Gary
184,94002,M,Gavin
187,96710,M,George
190,98426,M,Gerard
191,98738,M,Girish
192,99376,M,Glenn
193,99912,M,Grant
199,2689,M,Griffin
201,2953,M,Guillaume
202,3243,M,Guillermo
203,4437,M,Hank
204,5240,M,Harrison
206,5885,M,Harry
209,7241,M,Hector
212,9313,M,Henry
213,9421,M,Herbert
216,10608,M,Hiro
221,12076,M,Howard
223,13518,M,Howie
224,14875,M,Hudson
225,15393,M,Humphrey
229,16612,M,Hunter
230,17173,M,Ira
234,19108,M,Isaac
237,20081,M,Ivan
240,21104,M,Jackson
245,26388,M,Jacob
246,26449,M,Jacques
252,28926,M,Jack
257,30830,M,Jake
259,32659,M,Jamal
265,36491,M,James
266,36827,M,Jamie
267,36893,M,Jason
270,38831,M,Javier
272,39199,M,Javier
275,40733,M,Jeffrey
279,41565,M,Jeremy
280,41688,M,Jerome
281,41855,M,Jesse 
283,42582,M,Jim
284,42648,M,Joe
285,42940,M,Joaquin
286,43108,M,Johannes
287,43326,M,John
288,43509,M,Jonathan
289,43822,M,Jorge
290,45625,M,Jose
294,47954,M,Joseph
297,48693,M,Josh
299,49052,M,Joshua
300,49096,M,Juan Carlos
301,49449,M,Juan Carlos
305,51204,M,Julian
306,52303,M,Julius
307,52690,M,Justin
310,53899,M,Justin
317,57975,M,Kaito
321,58872,M,Karl
325,59417,M,Kato
332,63335,M,Kenny
334,64375,M,Kevin
336,64786,M,Kirabo
338,66633,M,Kyle
339,66685,M,Landon
341,67426,M,Laszlo
343,68951,M,Laurent
345,69866,M,Levi
346,70078,M,Liam
348,70843,M,Linus
354,74333,M,Lochlan
355,74601,M,Logan
357,76693,M,Luis
362,77729,M,Maceo
363,77813,M,Magnus
364,78089,M,Malik
365,78425,M,Malik
370,80951,M,Manoj
371,81761,M,Marco
374,82877,M,Marcos
375,83652,M,Mark
378,84409,M,Mark
382,85825,M,Mason
386,87304,M,Masudi
388,89474,M,Matt
391,89995,M,Matthew
393,90655,M,Maurice
396,90758,M,Max
399,92008,M,Maxim
403,92903,M,Michael
404,92934,M,Michael
410,96947,M,Michał
411,97894,M,Mike
412,97900,M,Milosh
415,98813,M,Mircea
416,99228,M,Mmunga
