Name,Gender,,,,,,,,
Alex,M,,,,,,,,
Alex,F,,,,,,,,
Andrea,F,,,,,,,,
Ari,M,,,,,,,,
Avery,F,,,,,,,,
Cameron,M,,,,,,,,
Chandler,M,,,,,,,,
Darcy,F,,,,,,,,
Duo,M,,,,,,,,
Jo,F,,,,,,,,
Jori,F,,,,,,,,
Kim,F,,,,,,,,
Morgan,F,,,,,,,,
Resa,M,,,,,,,,
Sam,M,,,,,,,,
Sloan,F,,,,,,,,
Taylor,F,,,,,,,,
Yuki,F,,,,,,,,
Ayman,M,,,,,,,,
Abhi,M,,,,,,,,
Adeeb,M,,,,,,,,
Adrian,M,,,,,,,,
Ahmed,M,,,,,,,,
Aiden,M,,,,,,,,
Ajay,M,,,,,,,,
Alexander,M,,,,,,,,
Alexei,M,,,,,,,,
Alistair,M,,,,,,,,
Amir,M,,,,,,,,
Amit,M,,,,,,,,
Andrew,M,,,,,,,,
Andy,M,,,,,,,,
Angel,M,,,,,,,,
Aniket,M,,,,,,,,
Anthony,M,,,,,,,,
Antonio,M,,,,,,,,
Antonio,M,,,,,,,,
Antony,M,,,,,,,,
Arif,M,,,,,,,,
Arthur,M,,,,,,,,
Aziz,M,,,,,,,,
Baratunde,M,,,,,,,,
Ben,M,,,,,,,,
Benjamin,M,,,,,,,,
Bertie,M,,,,,,,,
Bilal,M,,,,,,,,
Billy,M,,,,,,,,
Bobby,M,,,,,,,,
Brian,M,,,,,,,,
Buhika,M,,,,,,,,
Caleb,M,,,,,,,,
Calvin,M,,,,,,,,
Carl,M,,,,,,,,
Carlos,M,,,,,,,,
Carlos,M,,,,,,,,
Carter,M,,,,,,,,
Casimir,M,,,,,,,,
Cesar,M,,,,,,,,
Charles,M,,,,,,,,
Charlie,M,,,,,,,,
Chris,M,,,,,,,,
Christopher,M,,,,,,,,
Clayton,M,,,,,,,,
Colin,M,,,,,,,,
Colum,M,,,,,,,,
Connor ,M,,,,,,,,
Daniel,M,,,,,,,,
Darius,M,,,,,,,,
Dave,M,,,,,,,,
David,M,,,,,,,,
Dean,M,,,,,,,,
DeRay,M,,,,,,,,
Didier,M,,,,,,,,
Diego,M,,,,,,,,
Djuma,M,,,,,,,,
Domingo,M,,,,,,,,
Dominique,M,,,,,,,,
Donovan,M,,,,,,,,
Dottore,M,,,,,,,,
Duke,M,,,,,,,,
Dushan,M,,,,,,,,
Eduardo,M,,,,,,,,
Elijah,M,,,,,,,,
Elliot,M,,,,,,,,
Eric,M,,,,,,,,
Errol,M,,,,,,,,
Ethan,M,,,,,,,,
Evgenii,M,,,,,,,,
Eytan,M,,,,,,,,
Fabio,M,,,,,,,,
Farrell,M,,,,,,,,
Faustin,M,,,,,,,,
Fernando,M,,,,,,,,
Florian,M,,,,,,,,
Francisco,M,,,,,,,,
Franciszek,M,,,,,,,,
Franklin,M,,,,,,,,
Fred,M,,,,,,,,
Gábor,M,,,,,,,,
Gabriel,M,,,,,,,,
Gary,M,,,,,,,,
Gavin,M,,,,,,,,
George,M,,,,,,,,
Gerard,M,,,,,,,,
Girish,M,,,,,,,,
Glenn,M,,,,,,,,
Grant,M,,,,,,,,
Griffin,M,,,,,,,,
Guillaume,M,,,,,,,,
Guillermo,M,,,,,,,,
Hank,M,,,,,,,,
Harrison,M,,,,,,,,
Harry,M,,,,,,,,
Hector,M,,,,,,,,
Henry,M,,,,,,,,
Herbert,M,,,,,,,,
Hiro,M,,,,,,,,
Howard,M,,,,,,,,
Howie,M,,,,,,,,
Hudson,M,,,,,,,,
Humphrey,M,,,,,,,,
Hunter,M,,,,,,,,
Ira,M,,,,,,,,
Isaac,M,,,,,,,,
Ivan,M,,,,,,,,
Jackson,M,,,,,,,,
Jacob,M,,,,,,,,
Jacques,M,,,,,,,,
Jack,M,,,,,,,,
Jake,M,,,,,,,,
Jamal,M,,,,,,,,
James,M,,,,,,,,
János,M,,,,,,,,
Jason,M,,,,,,,,
Javier,M,,,,,,,,
Javier,M,,,,,,,,
Jeffrey,M,,,,,,,,
Jeremy,M,,,,,,,,
Jerome,M,,,,,,,,
Jesse ,M,,,,,,,,
Jim,M,,,,,,,,
João,M,,,,,,,,
Joaquin,M,,,,,,,,
Johannes,M,,,,,,,,
John,M,,,,,,,,
Jonathan,M,,,,,,,,
Jorge,M,,,,,,,,
Jose,M,,,,,,,,
Joseph,M,,,,,,,,
Josh,M,,,,,,,,
Joshua,M,,,,,,,,
Juan Carlos,M,,,,,,,,
Juan Carlos,M,,,,,,,,
Julian,M,,,,,,,,
Julius,M,,,,,,,,
Justin,M,,,,,,,,
Justin,M,,,,,,,,
Kaito,M,,,,,,,,
Karl,M,,,,,,,,
Kato,M,,,,,,,,
Kenny,M,,,,,,,,
Kevin,M,,,,,,,,
Kirabo,M,,,,,,,,
Kyle,M,,,,,,,,
Landon,M,,,,,,,,
Laszlo,M,,,,,,,,
Laurent,M,,,,,,,,
Levi,M,,,,,,,,
Liam,M,,,,,,,,
Linus,M,,,,,,,,
Lochlan,M,,,,,,,,
Logan,M,,,,,,,,
Luis,M,,,,,,,,
Maceo,M,,,,,,,,
Magnus,M,,,,,,,,
Malik,M,,,,,,,,
Malik,M,,,,,,,,
Manoj,M,,,,,,,,
Marco,M,,,,,,,,
Marcos,M,,,,,,,,
Mark,M,,,,,,,,
Mark,M,,,,,,,,
Mason,M,,,,,,,,
Masudi,M,,,,,,,,
Matt,M,,,,,,,,
Matthew,M,,,,,,,,
Maurice,M,,,,,,,,
Max,M,,,,,,,,
Maxim,M,,,,,,,,
Michael,M,,,,,,,,
Michael,M,,,,,,,,
Michał,M,,,,,,,,
Mike,M,,,,,,,,
Milosh,M,,,,,,,,
Mircea,M,,,,,,,,
Mmunga,M,,,,,,,,
Mr. Peabody,M,,,,,,,,
Mr. Todd,M,,,,,,,,
Naftali,M,,,,,,,,
Najib,M,,,,,,,,
Nasir,M,,,,,,,,
Nate,M,,,,,,,,
Nathan,M,,,,,,,,
Naveen,M,,,,,,,,
Nikola,M,,,,,,,,
Nikolai,M,,,,,,,,
Noah,M,,,,,,,,
Numan,M,,,,,,,,
Olivier,M,,,,,,,,
Omar,M,,,,,,,,
Onesfor,M,,,,,,,,
Oscar,M,,,,,,,,
Owen,M,,,,,,,,
Paul,M,,,,,,,,
Rafael,M,,,,,,,,
Raj,M,,,,,,,,
Ralph,M,,,,,,,,
Ramzi,M,,,,,,,,
Raoul,M,,,,,,,,
Raul,M,,,,,,,,
Reto,M,,,,,,,,
Reuben,M,,,,,,,,
Richard,M,,,,,,,,
Riku,M,,,,,,,,
Rishi,M,,,,,,,,
Robert,M,,,,,,,,
Rogelio,M,,,,,,,,
Roger,M,,,,,,,,
Rohit,M,,,,,,,,
Rolando,M,,,,,,,,
Ryan,M,,,,,,,,
Ryo,M,,,,,,,,
Saihou,M,,,,,,,,
Samuel,M,,,,,,,,
Santhosh,M,,,,,,,,
Sebastian,M,,,,,,,,
Shabbir,M,,,,,,,,
Sherman,M,,,,,,,,
Simon,M,,,,,,,,
Sosuke,M,,,,,,,,
Stanley,M,,,,,,,,
Stephen,M,,,,,,,,
Steven,M,,,,,,,,
Teju,M,,,,,,,,
Terrell,M,,,,,,,,
Tesfai,M,,,,,,,,
Thomas,M,,,,,,,,
Tom,M,,,,,,,,
Torrance,M,,,,,,,,
Trevon,M,,,,,,,,
Tyrone,M,,,,,,,,
Unjin,M,,,,,,,,
Valerian,M,,,,,,,,
Valeriu,M,,,,,,,,
Vanya,M,,,,,,,,
Vladimir,M,,,,,,,,
Walter,M,,,,,,,,
Walter,M,,,,,,,,
Wendell,M,,,,,,,,
Willy,M,,,,,,,,
Wooju,M,,,,,,,,
Youssef,M,,,,,,,,
Zafar,M,,,,,,,,
Winston,M,,,,,,,,
Aaliyah,F,,,,,,,,
Abby,F,,,,,,,,
Abigail,F,,,,,,,,
Addison,F,,,,,,,,
Adriana,F,,,,,,,,
Agnes,F,,,,,,,,
Aimee,F,,,,,,,,
Alba,F,,,,,,,,
Alexa,F,,,,,,,,
Alisa,F,,,,,,,,
Aliza,F,,,,,,,,
Amalia,F,,,,,,,,
Amanda,F,,,,,,,,
Amanda,F,,,,,,,,
Amelia,F,,,,,,,,
Amy,F,,,,,,,,
Ana Maria,F,,,,,,,,
Anahí,F,,,,,,,,
Anahí,F,,,,,,,,
Angelica,F,,,,,,,,
Ania,F,,,,,,,,
Anjali,F,,,,,,,,
Anju,F,,,,,,,,
Anna,F,,,,,,,,
Annika,F,,,,,,,,
Anowar,F,,,,,,,,
Anya,F,,,,,,,,
Aoi,F,,,,,,,,
Aparna,F,,,,,,,,
Astrid,F,,,,,,,,
Audrey,F,,,,,,,,
Aurelie,F,,,,,,,,
Ava,F,,,,,,,,
Barbara,F,,,,,,,,
Beatriz,F,,,,,,,,
Becca,F,,,,,,,,
Becka,F,,,,,,,,
Beth,F,,,,,,,,#ERROR!
Betsey,F,,,,,,,,
Brandy,F,,,,,,,,
Celine,F,,,,,,,,
Cherise,F,,,,,,,,
Chloe,F,,,,,,,,
Christina,F,,,,,,,,
Clara,F,,,,,,,,
Claudia,F,,,,,,,,
Cleo,F,,,,,,,,
Courtney,F,,,,,,,,
Dama,F,,,,,,,,
Danielle,F,,,,,,,,
Debbie,F,,,,,,,,
Deirdre,F,,,,,,,,
Diane,F,,,,,,,,
Diya,F,,,,,,,,
Dorothy,F,,,,,,,,
Ecaterina,F,,,,,,,,
Eleni,F,,,,,,,,
Eliana,F,,,,,,,,
Elisa,F,,,,,,,,
Eliza,F,,,,,,,,
Elizabeth,F,,,,,,,,
Emily,F,,,,,,,,
Emma,F,,,,,,,,
Eniola,F,,,,,,,,
Erika,F,,,,,,,,
Erin,F,,,,,,,,
Esenia,F,,,,,,,,
Evana,F,,,,,,,,
Farida,F,,,,,,,,
Fiona,F,,,,,,,,
Fran,F,,,,,,,,
Friederike,F,,,,,,,,
Fumiko,F,,,,,,,,
Furaha ,F,,,,,,,,
Gabriela,F,,,,,,,,
Genet,F,,,,,,,,
Ginny,F,,,,,,,,
Glaucia,F,,,,,,,,
Grace,F,,,,,,,,
Hannah,F,,,,,,,,
Hayami,F,,,,,,,,
Heather,F,,,,,,,,
Heidi,F,,,,,,,,
Hester,F,,,,,,,,
Hilda,F,,,,,,,,
Hildy,F,,,,,,,,
Iliana ,F,,,,,,,,
Ilona,F,,,,,,,,
Iman,F,,,,,,,,
Imani,F,,,,,,,,
Imelda,F,,,,,,,,
Indu,F,,,,,,,,
Ingrid,F,,,,,,,,
Irene,F,,,,,,,,
Isabel,F,,,,,,,,
Isabella,F,,,,,,,,
Jada,F,,,,,,,,
Jasmin,F,,,,,,,,
Jeanine,F,,,,,,,,
Jennifer,F,,,,,,,,
Jennifer,F,,,,,,,,
Jenny,F,,,,,,,,
Jess,F,,,,,,,,
Jessica,F,,,,,,,,
Jessie,F,,,,,,,,
Jill,F,,,,,,,,
Jillian,F,,,,,,,,
Joanne,F,,,,,,,,
Julia,F,,,,,,,,
Kaja,F,,,,,,,,
Kasia,F,,,,,,,,
Kate,F,,,,,,,,
Katherine,F,,,,,,,,
Kathy,F,,,,,,,,
Kiara,F,,,,,,,,
Lara,F,,,,,,,,
Laura,F,,,,,,,,
Lauren,F,,,,,,,,
Lena,F,,,,,,,,
Leslie,F,,,,,,,,
Linda,F,,,,,,,,
Lorelei,F,,,,,,,,
Lori,F,,,,,,,,
Lucy,F,,,,,,,,
Luna,F,,,,,,,,
Madeline,F,,,,,,,,
Madison,F,,,,,,,,
Margaret,F,,,,,,,,
Margarita,F,,,,,,,,
Maria,F,,,,,,,,
Maria Paula,F,,,,,,,,
Marla,F,,,,,,,,
Mary,F,,,,,,,,
Masoka,F,,,,,,,,
Maureen,F,,,,,,,,
May Lee,F,,,,,,,,
Mayra,F,,,,,,,,
Mei,F,,,,,,,,
Melanie,F,,,,,,,,
Mia,F,,,,,,,,
Mia,F,,,,,,,,
Mikki,F,,,,,,,,
Milena,F,,,,,,,,
Militza,F,,,,,,,,
Mina,F,,,,,,,,
Mitali,F,,,,,,,,
Miyu,F,,,,,,,,
Momo,F,,,,,,,,
Mona,F,,,,,,,,
Moneta,F,,,,,,,,
Monique,F,,,,,,,,
Mrs. Lovett,F,,,,,,,,
Muna,F,,,,,,,,
Muneera,F,,,,,,,,
Naia,F,,,,,,,,
Natalia,F,,,,,,,,
Natalie,F,,,,,,,,
Ngiste,F,,,,,,,,
Nia,F,,,,,,,,
Nicole,F,,,,,,,,
Njaimeh,F,,,,,,,,
Noelle,F,,,,,,,,
Noemi,F,,,,,,,,
Noor ,F,,,,,,,,
Nora,F,,,,,,,,
Nyantugane,F,,,,,,,,
Oksana,F,,,,,,,,
Olga,F,,,,,,,,
Olivia,F,,,,,,,,
Pam,F,,,,,,,,
Pamela,F,,,,,,,,
Parvati,F,,,,,,,,
Paula,F,,,,,,,,
Pearl,F,,,,,,,,
Peggy,F,,,,,,,,
Petra,F,,,,,,,,
Priya,F,,,,,,,,
Rachel,F,,,,,,,,
Ramatoulaye ,F,,,,,,,,
Rebecca,F,,,,,,,,
Reina,F,,,,,,,,
Réka,F,,,,,,,,
Rosa,F,,,,,,,,
Rosie,F,,,,,,,,
Roxana,F,,,,,,,,
Sadie,F,,,,,,,,
Saki,F,,,,,,,,
Salima,F,,,,,,,,
Samantha,F,,,,,,,,
Saoirse,F,,,,,,,,
Sarah,F,,,,,,,,
Savannah,F,,,,,,,,
Severine,F,,,,,,,,
Shannon,F,,,,,,,,
Shira,F,,,,,,,,
Shirley,F,,,,,,,,
Shoshana,F,,,,,,,,
Sifuni,F,,,,,,,,
Stefania,F,,,,,,,,
Susie,F,,,,,,,,
Tamar,F,,,,,,,,
Tara,F,,,,,,,,
Theresa,F,,,,,,,,
Tina,F,,,,,,,,
Veronica,F,,,,,,,,
Vidya,F,,,,,,,,
Wajd,F,,,,,,,,
Wanda,F,,,,,,,,
Wika,F,,,,,,,,
Willa,F,,,,,,,,
Willa,F,,,,,,,,
Winifred,F,,,,,,,,
Xiomara,F,,,,,,,,
Xóchitl,F,,,,,,,,
Yeine,F,,,,,,,,
Kareem,F,,,,,,,,
Yuna,F,,,,,,,,
Zahida,F,,,,,,,,
Zia,F,,,,,,,,
Zoë,F,,,,,,,,
Zofia,F,,,,,,,,
Zoila,F,,,,,,,,
Lisbette,F,,,,,,,,
Carolyn,F,,,,,,,,
Murong,F,,,,,,,,
Emilie,F,,,,,,,,
Desteni,F,,,,,,,,
Liz,F,,,,,,,,
Kathleen,F,,,,,,,,
Zain,M,,,,,,,,
Xavier,M,,,,,,,,
Naomi,F,,,,,,,,
Ellen,F,,,,,,,,
Teresa,F,,,,,,,,
Shelly,F,,,,,,,,
Dulce,F,,,,,,,,
Corrinne,F,,,,,,,,
Zulaiha,F,,,,,,,,
Yolanda,F,,,,,,,,
Rosianna,F,,,,,,,,
Sheridan,F,,,,,,,,
Joanna,F,,,,,,,,
Rory,X,,,,,,,,
Atticus,M,,,,,,,,
Scout,F,,,,,,,,
Barden,M,,,,,,,,
Patricia,F,,,,,,,,
Sandra,F,,,,,,,,
Gautum,M,,,,,,,,
Mahesh,M,,,,,,,,
Imefelu,F,,,,,,,,
Sofia,F,,,,,,,,
Brittany,F,,,,,,,,
Jesús,M,,,,,,,,
Abena,F,,,,,,,,
Abeni,F,,,,,,,,
Aberash,F,,,,,,,,
Abha,F,,,,,,,,
Abijah,F,,,,,,,,
Achieng,F,,,,,,,,
Adaeze,F,,,,,,,,
Adannaya,F,,,,,,,,
Adile,F,,,,,,,,
Aditi,F,,,,,,,,
Adoración,F,,,,,,,,
Adebowale,F,,,,,,,,
Adelajda,F,,,,,,,,
Águeda,F,,,,,,,,
Ai,F,,,,,,,,
Aiday,F,,,,,,,,
Áile,F,,,,,,,,
Aina,F,,,,,,,,
Ainoa,F,,,,,,,,
Aintza,F,,,,,,,,
Aishwarya,F,,,,,,,,
Sabiha,F,,,,,,,,
Alejandra,F,,,,,,,,
Alinafe,F,,,,,,,,
Alma,F,,,,,,,,
Alpa,F,,,,,,,,
Alondra,F,,,,,,,,
Altansarnai,F,,,,,,,,
Amaterasu,F,,,,,,,,
Ami,F,,,,,,,,
Amita,F,,,,,,,,
Zahra,F,,,,,,,,
Divya,F,,,,,,,,
Jia,F,,,,,,,,
Chester,M,,,,,,,,
Sonia,f,,,,,,,,
Antonia,F,,,,,,,,
Verena,F,,,,,,,,
Ann,F,,,,,,,,
Lydia,F,,,,,,,,
Sergei,M,,,,,,,,
Eleonora,F,,,,,,,,
Kimberly,F,,,,,,,,
Alicia,F,,,,,,,,
Norman,M,,,,,,,,
Karina,F,,,,,,,,
Keisha,F,,,,,,,,
Josefina,F,,,,,,,,
Sid,M,,,,,,,,
Athena,F,,,,,,,,
Hayley,F,,,,,,,,
Paulina,F,,,,,,,,
Basil,M,,,,,,,,
Augustus,M,,,,,,,,
Cynthia,F,,,,,,,,
Madam Hooch,F,,,,,,,,
Rudyard,M,,,,,,,,
Antigone,F,,,,,,,,
Arlecchino,M,,,,,,,,
Columbina,F,,,,,,,,
Rocco,M,,,,,,,,
Elena,F,,,,,,,,
Marcus,M,,,,,,,,
Ashley,F,,,,,,,,
Sandy,X,,,,,,,,
Bahira,F,,,,,,,,
Alanna,F,,,,,,,,
Monica,F,,,,,,,,
Minerva,F,,,,,,,,
Bryce,M,,,,,,,,
Benicio,M,,,,,,,,
Jeanette,F,,,,,,,,
Destiny,F,,,,,,,,
Vince,M,,,,,,,,
Coral,F,,,,,,,,
Eleisha,F,,,,,,,,
Mabel,F,,,,,,,,
Felipe,M,,,,,,,,
Federico,M,,,,,,,,
Spenser,M,,,,,,,,
Edgar,M,,,,,,,,
Rose,F,,,,,,,,
Alice,F,,,,,,,,
Beverly,F,,,,,,,,
Celia,F,,,,,,,,
Harold,M,,,,,,,,
Penny,F,,,,,,,,
Juliette,F,,,,,,,,
Miguel,M,,,,,,,,
Marlowe,M,,,,,,,,
Mariann,F,,,,,,,,
Liesel,F,,,,,,,,
Reggie,M,,,,,,,,
Sheri,F,,,,,,,,
Marjorie,F,,,,,,,,
Alberto,M,,,,,,,,
Frances,F,,,,,,,,
Eman,F,,,,,,,,
Ruth,F,,,,,,,,
Molly,F,,,,,,,,
Sean,M,,,,,,,,
Sasha,F,,,,,,,,
Cindy,F,,,,,,,,
Peter,M,,,,,,,,
Doug,M,,,,,,,,
Leilani,F,,,,,,,,
Colleen,F,,,,,,,,
Candace,F,,,,,,,,
Ravi,M,,,,,,,,
Melissa,F,,,,,,,,
Jamie,X,,,,,,,,
Elsa,F,,,,,,,,
Taryn,F,,,,,,,,
Drew,M,,,,,,,,
Bernard,M,,,,,,,,
Ainsley,M,,,,,,,,
Jayden,X,,,,,,,,
Emilio,M,,,,,,,,
Ted,M,,,,,,,,
Arturo,M,,,,,,,,
Rosario,F,,,,,,,,
Imogen,F,,,,,,,,
Trent,M,,,,,,,,
Kavita,F,,,,,,,,
Abe,M,,,,,,,,
Louisa,F,,,,,,,,
Katrina,F,,,,,,,,
Lana,F,,,,,,,,
Edgar,M,,,,,,,,
Kinoro,M,,,,,,,,
